{"cameraMode":{"drawMode":0,"name":"Shaded","section":"Shading Mode"},"sceneLighting":true,"audioPlay":false,"sceneViewState":{"showFog":true,"showMaterialUpdate":false,"showSkybox":true,"showFlares":true,"showImageEffects":true,"showParticleSystems":true},"in2DMode":false,"pivot":{"x":12.78194522857666,"y":0.6496245861053467,"z":9.267668724060059},"rotation":{"x":0.14013324677944184,"y":0.4910554885864258,"z":-0.08048967272043228,"w":0.8560517430305481},"size":11.332725524902344,"orthographic":false}