{"cameraMode":{"drawMode":0,"name":"Shaded","section":"Shading Mode"},"sceneLighting":true,"audioPlay":false,"sceneViewState":{"showFog":true,"showMaterialUpdate":false,"showSkybox":true,"showFlares":true,"showImageEffects":true,"showParticleSystems":true},"in2DMode":false,"pivot":{"x":3.2909765243530275,"y":4.677285194396973,"z":8.355828285217286},"rotation":{"x":-0.1788632869720459,"y":-0.7126757502555847,"z":0.1963278353214264,"w":-0.6492937803268433},"size":8.696592330932618,"orthographic":false}