{"cameraMode":{"drawMode":0,"name":"Shaded","section":"Shading Mode"},"sceneLighting":true,"audioPlay":false,"sceneViewState":{"showFog":true,"showMaterialUpdate":false,"showSkybox":true,"showFlares":true,"showImageEffects":true,"showParticleSystems":true},"in2DMode":false,"pivot":{"x":338.9485168457031,"y":466.3818054199219,"z":31.88507080078125},"rotation":{"x":-0.12583567202091218,"y":0.0467044971883297,"z":-0.0059402501210570339,"w":-0.9909498691558838},"size":566.21875,"orthographic":false}